{
  "mean": [
    72799.53125,
    46.9455451965332,
    14221.6904296875,
    0.06417949497699738,
    0.4005425274372101,
    0.46053656935691833,
    4.962675094604492,
    0.08415841311216354,
    0.024752475321292877,
    0.4306930601596832,
    0.049504950642585754,
    0.13118812441825867,
    3.267326831817627,
    0.039603959769010544
  ],
  "std": [
    323542.0,
    179.80198669433594,
    55914.30078125,
    0.08376949280500412,
    0.22178250551223755,
    0.19985823333263397,
    0.47516393661499023,
    0.5197540521621704,
    0.20962251722812653,
    3.4249653816223145,
    0.26796796917915344,
    1.0786490440368652,
    14.89972972869873,
    0.29587164521217346
  ]
}